name,city_id
Av. Santa Fe 1234,1
Av. Cabildo 5678,1
Av. Corrientes 9101,1
Calle Falsa 66,1
Calle Falsa 197,1
Calle Falsa 205,1
Calle Falsa 246,1
Calle Falsa 247,1
Calle Falsa 336,1
Calle Falsa 370,1
Calle Falsa 378,1
Calle Falsa 389,1
Calle Falsa 448,1
Calle Falsa 467,1
Calle Falsa 492,1
Calle Falsa 495,1
Calle Falsa 510,1
Calle Falsa 525,1
Calle Falsa 554,1
Calle Falsa 578,1
Calle Falsa 583,1
Calle Falsa 597,1
Calle Falsa 644,1
Calle Falsa 697,1
Calle Falsa 712,1
Calle Falsa 747,1
Calle Falsa 750,1
Calle Falsa 784,1
Calle Falsa 807,1
Calle Falsa 893,1
Calle Falsa 896,1
Calle Falsa 911,1
Calle Falsa 920,1
Calle Falsa 931,1
Calle Falsa 933,1
Calle Falsa 940,1
Calle Falsa 1001,1
Calle Falsa 1024,1
Calle Falsa 1025,1
Calle Falsa 1061,1
Calle Falsa 1119,1
Calle Falsa 1143,1
Calle Falsa 1176,1
Calle Falsa 1215,1
Calle Falsa 1229,1
Calle Falsa 1269,1
Calle Falsa 1273,1
Calle Falsa 1315,1
Calle Falsa 1382,1
Calle Falsa 1393,1
Calle Falsa 1400,1
Calle Falsa 1407,1
Calle Falsa 1427,1
Calle Falsa 1527,1
Calle Falsa 1528,1
Calle Falsa 1541,1
Calle Falsa 1548,1
Calle Falsa 1554,1
Calle Falsa 1570,1
Calle Falsa 1602,1
Calle Falsa 1611,1
Calle Falsa 1619,1
Calle Falsa 1686,1
Calle Falsa 1697,1
Calle Falsa 1718,1
Calle Falsa 1736,1
Calle Falsa 1775,1
Calle Falsa 1837,1
Calle Falsa 1865,1
Calle Falsa 1912,1
Calle Falsa 1967,1
Calle Falsa 1982,1
Calle Falsa 1985,1
Calle Falsa 2015,1
Calle Falsa 2034,1
Calle Falsa 2035,1
Calle Falsa 2042,1
Calle Falsa 2099,1
Calle Falsa 2112,1
Calle Falsa 2114,1
Calle Falsa 2176,1
Calle Falsa 2191,1
Calle Falsa 2210,1
Calle Falsa 2229,1
Calle Falsa 2256,1
Calle Falsa 2294,1
Calle Falsa 2313,1
Calle Falsa 2366,1
Calle Falsa 2372,1
Calle Falsa 2410,1
Calle Falsa 2463,1
Calle Falsa 2498,1
Calle Falsa 9,2
Calle Falsa 41,2
Calle Falsa 84,2
Calle Falsa 129,2
Calle Falsa 177,2
Calle Falsa 193,2
Calle Falsa 203,2
Calle Falsa 263,2
Calle Falsa 264,2
Calle Falsa 283,2
Calle Falsa 291,2
Calle Falsa 297,2
Calle Falsa 305,2
Calle Falsa 337,2
Calle Falsa 350,2
Calle Falsa 423,2
Calle Falsa 432,2
Calle Falsa 461,2
Calle Falsa 466,2
Calle Falsa 490,2
Calle Falsa 500,2
Calle Falsa 504,2
Calle Falsa 535,2
Calle Falsa 550,2
Calle Falsa 552,2
Calle Falsa 564,2
Calle Falsa 585,2
Calle Falsa 628,2
Calle Falsa 637,2
Calle Falsa 650,2
Calle Falsa 660,2
Calle Falsa 675,2
Calle Falsa 706,2
Calle Falsa 767,2
Calle Falsa 789,2
Calle Falsa 863,2
Calle Falsa 930,2
Calle Falsa 937,2
Calle Falsa 969,2
Calle Falsa 989,2
Calle Falsa 1005,2
Calle Falsa 1039,2
Calle Falsa 1068,2
Calle Falsa 1084,2
Calle Falsa 1093,2
Calle Falsa 1126,2
Calle Falsa 1150,2
Calle Falsa 1184,2
Calle Falsa 1209,2
Calle Falsa 1213,2
Calle Falsa 1226,2
Calle Falsa 1246,2
Calle Falsa 1252,2
Calle Falsa 1286,2
Calle Falsa 1297,2
Calle Falsa 1326,2
Calle Falsa 1351,2
Calle Falsa 1360,2
Calle Falsa 1366,2
Calle Falsa 1370,2
Calle Falsa 1425,2
Calle Falsa 1447,2
Calle Falsa 1477,2
Calle Falsa 1489,2
Calle Falsa 1538,2
Calle Falsa 1582,2
Calle Falsa 1590,2
Calle Falsa 1696,2
Calle Falsa 1710,2
Calle Falsa 1741,2
Calle Falsa 1747,2
Calle Falsa 1749,2
Calle Falsa 1752,2
Calle Falsa 1768,2
Calle Falsa 1774,2
Calle Falsa 1782,2
Calle Falsa 1790,2
Calle Falsa 1854,2
Calle Falsa 1875,2
Calle Falsa 1924,2
Calle Falsa 1926,2
Calle Falsa 1942,2
Calle Falsa 1997,2
Calle Falsa 2028,2
Calle Falsa 2052,2
Calle Falsa 2067,2
Calle Falsa 2082,2
Calle Falsa 2143,2
Calle Falsa 2177,2
Calle Falsa 2211,2
Calle Falsa 2232,2
Calle Falsa 2260,2
Calle Falsa 2269,2
Calle Falsa 2273,2
Calle Falsa 2284,2
Calle Falsa 2295,2
Calle Falsa 2315,2
Calle Falsa 2320,2
Calle Falsa 2323,2
Calle Falsa 2327,2
Calle Falsa 2364,2
Calle Falsa 2384,2
Calle Falsa 2416,2
Calle Falsa 2446,2
Calle Falsa 2461,2
Calle Falsa 8,4
Calle Falsa 14,4
Calle Falsa 37,4
Calle Falsa 47,4
Calle Falsa 62,4
Calle Falsa 83,4
Calle Falsa 89,4
Calle Falsa 99,4
Calle Falsa 103,4
Calle Falsa 108,4
Calle Falsa 118,4
Calle Falsa 125,4
Calle Falsa 170,4
Calle Falsa 186,4
Calle Falsa 191,4
Calle Falsa 214,4
Calle Falsa 218,4
Calle Falsa 221,4
Calle Falsa 243,4
Calle Falsa 280,4
Calle Falsa 290,4
Calle Falsa 317,4
Calle Falsa 332,4
Calle Falsa 345,4
Calle Falsa 355,4
Calle Falsa 384,4
Calle Falsa 388,4
Calle Falsa 437,4
Calle Falsa 482,4
Calle Falsa 509,4
Calle Falsa 530,4
Calle Falsa 534,4
Calle Falsa 540,4
Calle Falsa 569,4
Calle Falsa 610,4
Calle Falsa 638,4
Calle Falsa 653,4
Calle Falsa 654,4
Calle Falsa 687,4
Calle Falsa 704,4
Calle Falsa 716,4
Calle Falsa 740,4
Calle Falsa 748,4
Calle Falsa 759,4
Calle Falsa 761,4
Calle Falsa 782,4
Calle Falsa 804,4
Calle Falsa 897,4
Calle Falsa 914,4
Calle Falsa 927,4
Calle Falsa 960,4
Calle Falsa 1004,4
Calle Falsa 1009,4
Calle Falsa 1011,4
Calle Falsa 1080,4
Calle Falsa 1132,4
Calle Falsa 1153,4
Calle Falsa 1157,4
Calle Falsa 1160,4
Calle Falsa 1170,4
Calle Falsa 1175,4
Calle Falsa 1187,4
Calle Falsa 1196,4
Calle Falsa 1239,4
Calle Falsa 1267,4
Calle Falsa 1277,4
Calle Falsa 1363,4
Calle Falsa 1372,4
Calle Falsa 1399,4
Calle Falsa 1411,4
Calle Falsa 1445,4
Calle Falsa 1467,4
Calle Falsa 1563,4
Calle Falsa 1566,4
Calle Falsa 1577,4
Calle Falsa 1584,4
Calle Falsa 1587,4
Calle Falsa 1594,4
Calle Falsa 1641,4
Calle Falsa 1650,4
Calle Falsa 1773,4
Calle Falsa 1791,4
Calle Falsa 1799,4
Calle Falsa 1819,4
Calle Falsa 1824,4
Calle Falsa 1852,4
Calle Falsa 1895,4
Calle Falsa 1968,4
Calle Falsa 2030,4
Calle Falsa 2044,4
Calle Falsa 2122,4
Calle Falsa 2153,4
Calle Falsa 2164,4
Calle Falsa 2172,4
Calle Falsa 2216,4
Calle Falsa 2224,4
Calle Falsa 2244,4
Calle Falsa 2265,4
Calle Falsa 2266,4
Calle Falsa 2332,4
Calle Falsa 2385,4
Calle Falsa 2388,4
Calle Falsa 2390,4
Calle Falsa 2409,4
Calle Falsa 2419,4
Calle Falsa 2467,4
Calle Falsa 2478,4
Calle Falsa 2489,4
Calle Falsa 2492,4
Calle Falsa 1,3
Calle Falsa 6,3
Calle Falsa 57,3
Calle Falsa 98,3
Calle Falsa 115,3
Calle Falsa 120,3
Calle Falsa 175,3
Calle Falsa 244,3
Calle Falsa 259,3
Calle Falsa 267,3
Calle Falsa 271,3
Calle Falsa 276,3
Calle Falsa 315,3
Calle Falsa 329,3
Calle Falsa 344,3
Calle Falsa 403,3
Calle Falsa 411,3
Calle Falsa 487,3
Calle Falsa 526,3
Calle Falsa 561,3
Calle Falsa 593,3
Calle Falsa 594,3
Calle Falsa 611,3
Calle Falsa 646,3
Calle Falsa 722,3
Calle Falsa 820,3
Calle Falsa 864,3
Calle Falsa 890,3
Calle Falsa 916,3
Calle Falsa 941,3
Calle Falsa 945,3
Calle Falsa 947,3
Calle Falsa 948,3
Calle Falsa 970,3
Calle Falsa 973,3
Calle Falsa 982,3
Calle Falsa 1041,3
Calle Falsa 1048,3
Calle Falsa 1060,3
Calle Falsa 1064,3
Calle Falsa 1067,3
Calle Falsa 1077,3
Calle Falsa 1117,3
Calle Falsa 1128,3
Calle Falsa 1134,3
Calle Falsa 1156,3
Calle Falsa 1163,3
Calle Falsa 1171,3
Calle Falsa 1179,3
Calle Falsa 1199,3
Calle Falsa 1217,3
Calle Falsa 1220,3
Calle Falsa 1227,3
Calle Falsa 1228,3
Calle Falsa 1236,3
Calle Falsa 1247,3
Calle Falsa 1262,3
Calle Falsa 1278,3
Calle Falsa 1361,3
Calle Falsa 1421,3
Calle Falsa 1441,3
Calle Falsa 1456,3
Calle Falsa 1478,3
Calle Falsa 1479,3
Calle Falsa 1484,3
Calle Falsa 1517,3
Calle Falsa 1520,3
Calle Falsa 1533,3
Calle Falsa 1551,3
Calle Falsa 1575,3
Calle Falsa 1586,3
Calle Falsa 1588,3
Calle Falsa 1608,3
Calle Falsa 1624,3
Calle Falsa 1630,3
Calle Falsa 1637,3
Calle Falsa 1640,3
Calle Falsa 1642,3
Calle Falsa 1667,3
Calle Falsa 1687,3
Calle Falsa 1714,3
Calle Falsa 1722,3
Calle Falsa 1792,3
Calle Falsa 1817,3
Calle Falsa 1830,3
Calle Falsa 1836,3
Calle Falsa 1894,3
Calle Falsa 1919,3
Calle Falsa 1938,3
Calle Falsa 1959,3
Calle Falsa 2005,3
Calle Falsa 2007,3
Calle Falsa 2045,3
Calle Falsa 2061,3
Calle Falsa 2078,3
Calle Falsa 2085,3
Calle Falsa 2128,3
Calle Falsa 2134,3
Calle Falsa 2147,3
Calle Falsa 2161,3
Calle Falsa 2194,3
Calle Falsa 2200,3
Calle Falsa 2268,3
Calle Falsa 2304,3
Calle Falsa 2321,3
Calle Falsa 2340,3
Calle Falsa 2431,3
Calle Falsa 2464,3
Calle Falsa 2490,3
Calle Falsa 20,5
Calle Falsa 30,5
Calle Falsa 34,5
Calle Falsa 53,5
Calle Falsa 67,5
Calle Falsa 104,5
Calle Falsa 116,5
Calle Falsa 131,5
Calle Falsa 133,5
Calle Falsa 149,5
Calle Falsa 164,5
Calle Falsa 192,5
Calle Falsa 215,5
Calle Falsa 225,5
Calle Falsa 227,5
Calle Falsa 229,5
Calle Falsa 286,5
Calle Falsa 304,5
Calle Falsa 320,5
Calle Falsa 348,5
Calle Falsa 361,5
Calle Falsa 363,5
Calle Falsa 385,5
Calle Falsa 412,5
Calle Falsa 433,5
Calle Falsa 441,5
Calle Falsa 459,5
Calle Falsa 464,5
Calle Falsa 469,5
Calle Falsa 480,5
Calle Falsa 507,5
Calle Falsa 523,5
Calle Falsa 548,5
Calle Falsa 608,5
Calle Falsa 624,5
Calle Falsa 689,5
Calle Falsa 727,5
Calle Falsa 728,5
Calle Falsa 771,5
Calle Falsa 797,5
Calle Falsa 806,5
Calle Falsa 828,5
Calle Falsa 845,5
Calle Falsa 853,5
Calle Falsa 866,5
Calle Falsa 877,5
Calle Falsa 881,5
Calle Falsa 887,5
Calle Falsa 894,5
Calle Falsa 917,5
Calle Falsa 935,5
Calle Falsa 944,5
Calle Falsa 959,5
Calle Falsa 991,5
Calle Falsa 1074,5
Calle Falsa 1082,5
Calle Falsa 1095,5
Calle Falsa 1096,5
Calle Falsa 1112,5
Calle Falsa 1124,5
Calle Falsa 1129,5
Calle Falsa 1208,5
Calle Falsa 1232,5
Calle Falsa 1245,5
Calle Falsa 1288,5
Calle Falsa 1300,5
Calle Falsa 1303,5
Calle Falsa 1358,5
Calle Falsa 1368,5
Calle Falsa 1403,5
Calle Falsa 1408,5
Calle Falsa 1430,5
Calle Falsa 1444,5
Calle Falsa 1485,5
Calle Falsa 1530,5
Calle Falsa 1545,5
Calle Falsa 1567,5
Calle Falsa 1573,5
Calle Falsa 1597,5
Calle Falsa 1614,5
Calle Falsa 1702,5
Calle Falsa 1705,5
Calle Falsa 1730,5
Calle Falsa 1737,5
Calle Falsa 1754,5
Calle Falsa 1786,5
Calle Falsa 1789,5
Calle Falsa 1793,5
Calle Falsa 1809,5
Calle Falsa 1846,5
Calle Falsa 1876,5
Calle Falsa 1889,5
Calle Falsa 1906,5
Calle Falsa 1910,5
Calle Falsa 1933,5
Calle Falsa 1943,5
Calle Falsa 1956,5
Calle Falsa 1962,5
Calle Falsa 1970,5
Calle Falsa 2004,5
Calle Falsa 2020,5
Calle Falsa 2050,5
Calle Falsa 2056,5
Calle Falsa 2195,5
Calle Falsa 2214,5
Calle Falsa 2237,5
Calle Falsa 2240,5
Calle Falsa 2245,5
Calle Falsa 2246,5
Calle Falsa 2258,5
Calle Falsa 2262,5
Calle Falsa 2353,5
Calle Falsa 2363,5
Calle Falsa 2392,5
Calle Falsa 2421,5
Calle Falsa 2447,5
Calle Falsa 2449,5
Calle Falsa 2477,5
Calle Falsa 2480,5
Calle Falsa 35,6
Calle Falsa 82,6
Calle Falsa 88,6
Calle Falsa 94,6
Calle Falsa 140,6
Calle Falsa 172,6
Calle Falsa 180,6
Calle Falsa 226,6
Calle Falsa 231,6
Calle Falsa 236,6
Calle Falsa 251,6
Calle Falsa 274,6
Calle Falsa 287,6
Calle Falsa 295,6
Calle Falsa 298,6
Calle Falsa 303,6
Calle Falsa 313,6
Calle Falsa 362,6
Calle Falsa 380,6
Calle Falsa 419,6
Calle Falsa 434,6
Calle Falsa 451,6
Calle Falsa 493,6
Calle Falsa 551,6
Calle Falsa 573,6
Calle Falsa 582,6
Calle Falsa 587,6
Calle Falsa 690,6
Calle Falsa 725,6
Calle Falsa 745,6
Calle Falsa 763,6
Calle Falsa 765,6
Calle Falsa 777,6
Calle Falsa 809,6
Calle Falsa 834,6
Calle Falsa 836,6
Calle Falsa 840,6
Calle Falsa 851,6
Calle Falsa 899,6
Calle Falsa 921,6
Calle Falsa 977,6
Calle Falsa 1014,6
Calle Falsa 1026,6
Calle Falsa 1045,6
Calle Falsa 1085,6
Calle Falsa 1089,6
Calle Falsa 1140,6
Calle Falsa 1146,6
Calle Falsa 1149,6
Calle Falsa 1180,6
Calle Falsa 1198,6
Calle Falsa 1205,6
Calle Falsa 1207,6
Calle Falsa 1221,6
Calle Falsa 1279,6
Calle Falsa 1302,6
Calle Falsa 1305,6
Calle Falsa 1336,6
Calle Falsa 1378,6
Calle Falsa 1388,6
Calle Falsa 1392,6
Calle Falsa 1410,6
Calle Falsa 1423,6
Calle Falsa 1431,6
Calle Falsa 1450,6
Calle Falsa 1463,6
Calle Falsa 1488,6
Calle Falsa 1494,6
Calle Falsa 1535,6
Calle Falsa 1543,6
Calle Falsa 1571,6
Calle Falsa 1589,6
Calle Falsa 1598,6
Calle Falsa 1616,6
Calle Falsa 1658,6
Calle Falsa 1670,6
Calle Falsa 1699,6
Calle Falsa 1709,6
Calle Falsa 1728,6
Calle Falsa 1740,6
Calle Falsa 1753,6
Calle Falsa 1780,6
Calle Falsa 1798,6
Calle Falsa 1806,6
Calle Falsa 1814,6
Calle Falsa 1855,6
Calle Falsa 1874,6
Calle Falsa 1879,6
Calle Falsa 1888,6
Calle Falsa 1915,6
Calle Falsa 2022,6
Calle Falsa 2027,6
Calle Falsa 2062,6
Calle Falsa 2065,6
Calle Falsa 2110,6
Calle Falsa 2125,6
Calle Falsa 2142,6
Calle Falsa 2156,6
Calle Falsa 2170,6
Calle Falsa 2173,6
Calle Falsa 2182,6
Calle Falsa 2201,6
Calle Falsa 2252,6
Calle Falsa 2257,6
Calle Falsa 2303,6
Calle Falsa 2329,6
Calle Falsa 2348,6
Calle Falsa 2365,6
Calle Falsa 2368,6
Calle Falsa 2400,6
Calle Falsa 2403,6
Calle Falsa 2404,6
Calle Falsa 2482,6
Calle Falsa 36,7
Calle Falsa 39,7
Calle Falsa 46,7
Calle Falsa 71,7
Calle Falsa 95,7
Calle Falsa 102,7
Calle Falsa 119,7
Calle Falsa 127,7
Calle Falsa 134,7
Calle Falsa 136,7
Calle Falsa 138,7
Calle Falsa 147,7
Calle Falsa 157,7
Calle Falsa 187,7
Calle Falsa 216,7
Calle Falsa 219,7
Calle Falsa 222,7
Calle Falsa 252,7
Calle Falsa 328,7
Calle Falsa 382,7
Calle Falsa 387,7
Calle Falsa 430,7
Calle Falsa 439,7
Calle Falsa 483,7
Calle Falsa 533,7
Calle Falsa 595,7
Calle Falsa 663,7
Calle Falsa 666,7
Calle Falsa 676,7
Calle Falsa 714,7
Calle Falsa 715,7
Calle Falsa 749,7
Calle Falsa 751,7
Calle Falsa 752,7
Calle Falsa 762,7
Calle Falsa 833,7
Calle Falsa 837,7
Calle Falsa 844,7
Calle Falsa 850,7
Calle Falsa 852,7
Calle Falsa 854,7
Calle Falsa 865,7
Calle Falsa 892,7
Calle Falsa 900,7
Calle Falsa 922,7
Calle Falsa 926,7
Calle Falsa 943,7
Calle Falsa 949,7
Calle Falsa 981,7
Calle Falsa 998,7
Calle Falsa 1002,7
Calle Falsa 1069,7
Calle Falsa 1165,7
Calle Falsa 1174,7
Calle Falsa 1183,7
Calle Falsa 1212,7
Calle Falsa 1218,7
Calle Falsa 1272,7
Calle Falsa 1282,7
Calle Falsa 1283,7
Calle Falsa 1291,7
Calle Falsa 1310,7
Calle Falsa 1313,7
Calle Falsa 1331,7
Calle Falsa 1347,7
Calle Falsa 1352,7
Calle Falsa 1380,7
Calle Falsa 1465,7
Calle Falsa 1542,7
Calle Falsa 1561,7
Calle Falsa 1585,7
Calle Falsa 1599,7
Calle Falsa 1603,7
Calle Falsa 1680,7
Calle Falsa 1706,7
Calle Falsa 1726,7
Calle Falsa 1733,7
Calle Falsa 1734,7
Calle Falsa 1764,7
Calle Falsa 1772,7
Calle Falsa 1776,7
Calle Falsa 1805,7
Calle Falsa 1850,7
Calle Falsa 1851,7
Calle Falsa 1867,7
Calle Falsa 1881,7
Calle Falsa 1905,7
Calle Falsa 1927,7
Calle Falsa 1953,7
Calle Falsa 1972,7
Calle Falsa 2001,7
Calle Falsa 2013,7
Calle Falsa 2023,7
Calle Falsa 2025,7
Calle Falsa 2043,7
Calle Falsa 2047,7
Calle Falsa 2088,7
Calle Falsa 2106,7
Calle Falsa 2111,7
Calle Falsa 2113,7
Calle Falsa 2120,7
Calle Falsa 2138,7
Calle Falsa 2141,7
Calle Falsa 2167,7
Calle Falsa 2180,7
Calle Falsa 2233,7
Calle Falsa 2249,7
Calle Falsa 2349,7
Calle Falsa 2371,7
Calle Falsa 2373,7
Calle Falsa 2374,7
Calle Falsa 2395,7
Calle Falsa 2405,7
Calle Falsa 2413,7
Calle Falsa 2420,7
Calle Falsa 2441,7
Calle Falsa 2454,7
Calle Falsa 2457,7
Calle Falsa 2459,7
Calle Falsa 2476,7
Calle Falsa 5,8
Calle Falsa 44,8
Calle Falsa 68,8
Calle Falsa 101,8
Calle Falsa 124,8
Calle Falsa 130,8
Calle Falsa 148,8
Calle Falsa 152,8
Calle Falsa 245,8
Calle Falsa 258,8
Calle Falsa 261,8
Calle Falsa 301,8
Calle Falsa 324,8
Calle Falsa 339,8
Calle Falsa 351,8
Calle Falsa 353,8
Calle Falsa 401,8
Calle Falsa 431,8
Calle Falsa 462,8
Calle Falsa 474,8
Calle Falsa 479,8
Calle Falsa 488,8
Calle Falsa 586,8
Calle Falsa 603,8
Calle Falsa 605,8
Calle Falsa 622,8
Calle Falsa 627,8
Calle Falsa 635,8
Calle Falsa 684,8
Calle Falsa 688,8
Calle Falsa 695,8
Calle Falsa 717,8
Calle Falsa 794,8
Calle Falsa 842,8
Calle Falsa 907,8
Calle Falsa 919,8
Calle Falsa 971,8
Calle Falsa 1016,8
Calle Falsa 1034,8
Calle Falsa 1053,8
Calle Falsa 1090,8
Calle Falsa 1101,8
Calle Falsa 1133,8
Calle Falsa 1191,8
Calle Falsa 1206,8
Calle Falsa 1216,8
Calle Falsa 1224,8
Calle Falsa 1256,8
Calle Falsa 1285,8
Calle Falsa 1292,8
Calle Falsa 1332,8
Calle Falsa 1354,8
Calle Falsa 1374,8
Calle Falsa 1417,8
Calle Falsa 1435,8
Calle Falsa 1451,8
Calle Falsa 1480,8
Calle Falsa 1509,8
Calle Falsa 1550,8
Calle Falsa 1595,8
Calle Falsa 1626,8
Calle Falsa 1634,8
Calle Falsa 1639,8
Calle Falsa 1672,8
Calle Falsa 1689,8
Calle Falsa 1693,8
Calle Falsa 1707,8
Calle Falsa 1731,8
Calle Falsa 1748,8
Calle Falsa 1750,8
Calle Falsa 1785,8
Calle Falsa 1802,8
Calle Falsa 1816,8
Calle Falsa 1932,8
Calle Falsa 1934,8
Calle Falsa 1937,8
Calle Falsa 1949,8
Calle Falsa 1961,8
Calle Falsa 1974,8
Calle Falsa 1977,8
Calle Falsa 2011,8
Calle Falsa 2032,8
Calle Falsa 2129,8
Calle Falsa 2158,8
Calle Falsa 2174,8
Calle Falsa 2184,8
Calle Falsa 2212,8
Calle Falsa 2234,8
Calle Falsa 2286,8
Calle Falsa 2292,8
Calle Falsa 2300,8
Calle Falsa 2325,8
Calle Falsa 2330,8
Calle Falsa 2331,8
Calle Falsa 2347,8
Calle Falsa 2362,8
Calle Falsa 2389,8
Calle Falsa 2444,8
Calle Falsa 2473,8
Calle Falsa 2494,8
Calle Falsa 58,9
Calle Falsa 79,9
Calle Falsa 96,9
Calle Falsa 121,9
Calle Falsa 199,9
Calle Falsa 318,9
Calle Falsa 319,9
Calle Falsa 325,9
Calle Falsa 365,9
Calle Falsa 375,9
Calle Falsa 379,9
Calle Falsa 413,9
Calle Falsa 468,9
Calle Falsa 475,9
Calle Falsa 538,9
Calle Falsa 574,9
Calle Falsa 600,9
Calle Falsa 634,9
Calle Falsa 667,9
Calle Falsa 673,9
Calle Falsa 741,9
Calle Falsa 768,9
Calle Falsa 835,9
Calle Falsa 857,9
Calle Falsa 918,9
Calle Falsa 985,9
Calle Falsa 993,9
Calle Falsa 1020,9
Calle Falsa 1079,9
Calle Falsa 1182,9
Calle Falsa 1242,9
Calle Falsa 1244,9
Calle Falsa 1329,9
Calle Falsa 1349,9
Calle Falsa 1371,9
Calle Falsa 1373,9
Calle Falsa 1375,9
Calle Falsa 1390,9
Calle Falsa 1397,9
Calle Falsa 1398,9
Calle Falsa 1413,9
Calle Falsa 1414,9
Calle Falsa 1426,9
Calle Falsa 1472,9
Calle Falsa 1482,9
Calle Falsa 1483,9
Calle Falsa 1513,9
Calle Falsa 1523,9
Calle Falsa 1539,9
Calle Falsa 1564,9
Calle Falsa 1578,9
Calle Falsa 1621,9
Calle Falsa 1677,9
Calle Falsa 1704,9
Calle Falsa 1781,9
Calle Falsa 1859,9
Calle Falsa 1896,9
Calle Falsa 1901,9
Calle Falsa 1908,9
Calle Falsa 1928,9
Calle Falsa 1944,9
Calle Falsa 1960,9
Calle Falsa 1965,9
Calle Falsa 1987,9
Calle Falsa 2053,9
Calle Falsa 2105,9
Calle Falsa 2127,9
Calle Falsa 2130,9
Calle Falsa 2149,9
Calle Falsa 2155,9
Calle Falsa 2166,9
Calle Falsa 2169,9
Calle Falsa 2198,9
Calle Falsa 2199,9
Calle Falsa 2206,9
Calle Falsa 2285,9
Calle Falsa 2297,9
Calle Falsa 2334,9
Calle Falsa 2342,9
Calle Falsa 2396,9
Calle Falsa 2426,9
Calle Falsa 2433,9
Calle Falsa 2439,9
Calle Falsa 2448,9
Calle Falsa 2468,9
Calle Falsa 2486,9
Calle Falsa 7,10
Calle Falsa 16,10
Calle Falsa 21,10
Calle Falsa 50,10
Calle Falsa 90,10
Calle Falsa 128,10
Calle Falsa 141,10
Calle Falsa 181,10
Calle Falsa 190,10
Calle Falsa 196,10
Calle Falsa 266,10
Calle Falsa 278,10
Calle Falsa 312,10
Calle Falsa 327,10
Calle Falsa 372,10
Calle Falsa 463,10
Calle Falsa 503,10
Calle Falsa 553,10
Calle Falsa 598,10
Calle Falsa 661,10
Calle Falsa 677,10
Calle Falsa 699,10
Calle Falsa 701,10
Calle Falsa 709,10
Calle Falsa 732,10
Calle Falsa 743,10
Calle Falsa 764,10
Calle Falsa 774,10
Calle Falsa 859,10
Calle Falsa 883,10
Calle Falsa 932,10
Calle Falsa 946,10
Calle Falsa 984,10
Calle Falsa 1104,10
Calle Falsa 1118,10
Calle Falsa 1147,10
Calle Falsa 1195,10
Calle Falsa 1204,10
Calle Falsa 1211,10
Calle Falsa 1235,10
Calle Falsa 1270,10
Calle Falsa 1317,10
Calle Falsa 1462,10
Calle Falsa 1498,10
Calle Falsa 1529,10
Calle Falsa 1532,10
Calle Falsa 1558,10
Calle Falsa 1635,10
Calle Falsa 1690,10
Calle Falsa 1762,10
Calle Falsa 1778,10
Calle Falsa 1818,10
Calle Falsa 1826,10
Calle Falsa 1832,10
Calle Falsa 1833,10
Calle Falsa 1834,10
Calle Falsa 1892,10
Calle Falsa 1900,10
Calle Falsa 1904,10
Calle Falsa 1945,10
Calle Falsa 1947,10
Calle Falsa 1975,10
Calle Falsa 1981,10
Calle Falsa 1986,10
Calle Falsa 1993,10
Calle Falsa 1996,10
Calle Falsa 2069,10
Calle Falsa 2092,10
Calle Falsa 2159,10
Calle Falsa 2208,10
Calle Falsa 2226,10
Calle Falsa 2238,10
Calle Falsa 2290,10
Calle Falsa 2305,10
Calle Falsa 2352,10
Calle Falsa 2361,10
Calle Falsa 2399,10
Calle Falsa 2460,10
Calle Falsa 2465,10
Calle Falsa 27,11
Calle Falsa 56,11
Calle Falsa 70,11
Calle Falsa 73,11
Calle Falsa 81,11
Calle Falsa 113,11
Calle Falsa 123,11
Calle Falsa 137,11
Calle Falsa 160,11
Calle Falsa 163,11
Calle Falsa 230,11
Calle Falsa 254,11
Calle Falsa 270,11
Calle Falsa 323,11
Calle Falsa 342,11
Calle Falsa 349,11
Calle Falsa 357,11
Calle Falsa 391,11
Calle Falsa 394,11
Calle Falsa 410,11
Calle Falsa 429,11
Calle Falsa 444,11
Calle Falsa 457,11
Calle Falsa 476,11
Calle Falsa 581,11
Calle Falsa 612,11
Calle Falsa 615,11
Calle Falsa 656,11
Calle Falsa 658,11
Calle Falsa 780,11
Calle Falsa 799,11
Calle Falsa 800,11
Calle Falsa 858,11
Calle Falsa 875,11
Calle Falsa 884,11
Calle Falsa 889,11
Calle Falsa 895,11
Calle Falsa 898,11
Calle Falsa 913,11
Calle Falsa 915,11
Calle Falsa 964,11
Calle Falsa 1012,11
Calle Falsa 1015,11
Calle Falsa 1019,11
Calle Falsa 1033,11
Calle Falsa 1049,11
Calle Falsa 1070,11
Calle Falsa 1092,11
Calle Falsa 1109,11
Calle Falsa 1130,11
Calle Falsa 1136,11
Calle Falsa 1168,11
Calle Falsa 1181,11
Calle Falsa 1219,11
Calle Falsa 1304,11
Calle Falsa 1312,11
Calle Falsa 1320,11
Calle Falsa 1324,11
Calle Falsa 1334,11
Calle Falsa 1365,11
Calle Falsa 1391,11
Calle Falsa 1422,11
Calle Falsa 1429,11
Calle Falsa 1460,11
Calle Falsa 1475,11
Calle Falsa 1490,11
Calle Falsa 1506,11
Calle Falsa 1514,11
Calle Falsa 1556,11
Calle Falsa 1565,11
Calle Falsa 1606,11
Calle Falsa 1612,11
Calle Falsa 1664,11
Calle Falsa 1695,11
Calle Falsa 1713,11
Calle Falsa 1743,11
Calle Falsa 1757,11
Calle Falsa 1788,11
Calle Falsa 1810,11
Calle Falsa 1812,11
Calle Falsa 1829,11
Calle Falsa 1897,11
Calle Falsa 1898,11
Calle Falsa 1930,11
Calle Falsa 1936,11
Calle Falsa 1951,11
Calle Falsa 1983,11
Calle Falsa 2060,11
Calle Falsa 2139,11
Calle Falsa 2145,11
Calle Falsa 2150,11
Calle Falsa 2163,11
Calle Falsa 2204,11
Calle Falsa 2205,11
Calle Falsa 2225,11
Calle Falsa 2227,11
Calle Falsa 2259,11
Calle Falsa 2275,11
Calle Falsa 2281,11
Calle Falsa 2283,11
Calle Falsa 2287,11
Calle Falsa 2296,11
Calle Falsa 2379,11
Calle Falsa 2437,11
Calle Falsa 2443,11
Calle Falsa 2484,11
Calle Falsa 2487,11
Calle Falsa 2488,11
Calle Falsa 2497,11
Calle Falsa 15,12
Calle Falsa 38,12
Calle Falsa 65,12
Calle Falsa 69,12
Calle Falsa 75,12
Calle Falsa 91,12
Calle Falsa 97,12
Calle Falsa 150,12
Calle Falsa 189,12
Calle Falsa 208,12
Calle Falsa 223,12
Calle Falsa 235,12
Calle Falsa 249,12
Calle Falsa 273,12
Calle Falsa 285,12
Calle Falsa 326,12
Calle Falsa 383,12
Calle Falsa 404,12
Calle Falsa 421,12
Calle Falsa 494,12
Calle Falsa 515,12
Calle Falsa 532,12
Calle Falsa 556,12
Calle Falsa 572,12
Calle Falsa 599,12
Calle Falsa 643,12
Calle Falsa 652,12
Calle Falsa 669,12
Calle Falsa 700,12
Calle Falsa 758,12
Calle Falsa 769,12
Calle Falsa 793,12
Calle Falsa 831,12
Calle Falsa 904,12
Calle Falsa 910,12
Calle Falsa 912,12
Calle Falsa 936,12
Calle Falsa 938,12
Calle Falsa 939,12
Calle Falsa 1073,12
Calle Falsa 1108,12
Calle Falsa 1113,12
Calle Falsa 1173,12
Calle Falsa 1178,12
Calle Falsa 1234,12
Calle Falsa 1260,12
Calle Falsa 1321,12
Calle Falsa 1344,12
Calle Falsa 1362,12
Calle Falsa 1367,12
Calle Falsa 1383,12
Calle Falsa 1386,12
Calle Falsa 1389,12
Calle Falsa 1420,12
Calle Falsa 1452,12
Calle Falsa 1461,12
Calle Falsa 1470,12
Calle Falsa 1476,12
Calle Falsa 1512,12
Calle Falsa 1525,12
Calle Falsa 1580,12
Calle Falsa 1627,12
Calle Falsa 1649,12
Calle Falsa 1716,12
Calle Falsa 1727,12
Calle Falsa 1744,12
Calle Falsa 1765,12
Calle Falsa 1822,12
Calle Falsa 1839,12
Calle Falsa 1861,12
Calle Falsa 1882,12
Calle Falsa 1891,12
Calle Falsa 1923,12
Calle Falsa 1954,12
Calle Falsa 1964,12
Calle Falsa 1988,12
Calle Falsa 2055,12
Calle Falsa 2066,12
Calle Falsa 2095,12
Calle Falsa 2097,12
Calle Falsa 2098,12
Calle Falsa 2135,12
Calle Falsa 2178,12
Calle Falsa 2192,12
Calle Falsa 2235,12
Calle Falsa 2248,12
Calle Falsa 2277,12
Calle Falsa 2282,12
Calle Falsa 2316,12
Calle Falsa 2344,12
Calle Falsa 2398,12
Calle Falsa 2427,12
Calle Falsa 2436,12
Calle Falsa 2458,12
Calle Falsa 3,13
Calle Falsa 31,13
Calle Falsa 40,13
Calle Falsa 111,13
Calle Falsa 144,13
Calle Falsa 159,13
Calle Falsa 178,13
Calle Falsa 204,13
Calle Falsa 309,13
Calle Falsa 331,13
Calle Falsa 398,13
Calle Falsa 399,13
Calle Falsa 415,13
Calle Falsa 440,13
Calle Falsa 452,13
Calle Falsa 453,13
Calle Falsa 456,13
Calle Falsa 549,13
Calle Falsa 566,13
Calle Falsa 617,13
Calle Falsa 641,13
Calle Falsa 647,13
Calle Falsa 668,13
Calle Falsa 698,13
Calle Falsa 721,13
Calle Falsa 788,13
Calle Falsa 821,13
Calle Falsa 843,13
Calle Falsa 848,13
Calle Falsa 862,13
Calle Falsa 873,13
Calle Falsa 874,13
Calle Falsa 888,13
Calle Falsa 891,13
Calle Falsa 980,13
Calle Falsa 988,13
Calle Falsa 999,13
Calle Falsa 1052,13
Calle Falsa 1081,13
Calle Falsa 1110,13
Calle Falsa 1137,13
Calle Falsa 1154,13
Calle Falsa 1159,13
Calle Falsa 1189,13
Calle Falsa 1193,13
Calle Falsa 1214,13
Calle Falsa 1265,13
Calle Falsa 1268,13
Calle Falsa 1318,13
Calle Falsa 1319,13
Calle Falsa 1335,13
Calle Falsa 1341,13
Calle Falsa 1359,13
Calle Falsa 1432,13
Calle Falsa 1443,13
Calle Falsa 1453,13
Calle Falsa 1500,13
Calle Falsa 1600,13
Calle Falsa 1601,13
Calle Falsa 1631,13
Calle Falsa 1655,13
Calle Falsa 1661,13
Calle Falsa 1692,13
Calle Falsa 1703,13
Calle Falsa 1712,13
Calle Falsa 1746,13
Calle Falsa 1759,13
Calle Falsa 1763,13
Calle Falsa 1811,13
Calle Falsa 1840,13
Calle Falsa 1847,13
Calle Falsa 1869,13
Calle Falsa 1899,13
Calle Falsa 1918,13
Calle Falsa 1979,13
Calle Falsa 1990,13
Calle Falsa 2046,13
Calle Falsa 2079,13
Calle Falsa 2102,13
Calle Falsa 2152,13
Calle Falsa 2154,13
Calle Falsa 2157,13
Calle Falsa 2168,13
Calle Falsa 2220,13
Calle Falsa 2223,13
Calle Falsa 2236,13
Calle Falsa 2241,13
Calle Falsa 2250,13
Calle Falsa 2253,13
Calle Falsa 2254,13
Calle Falsa 2276,13
Calle Falsa 2288,13
Calle Falsa 2291,13
Calle Falsa 2355,13
Calle Falsa 2369,13
Calle Falsa 2375,13
Calle Falsa 2415,13
Calle Falsa 2417,13
Calle Falsa 2496,13
Calle Falsa 11,14
Calle Falsa 105,14
Calle Falsa 110,14
Calle Falsa 143,14
Calle Falsa 158,14
Calle Falsa 202,14
Calle Falsa 250,14
Calle Falsa 262,14
Calle Falsa 272,14
Calle Falsa 293,14
Calle Falsa 360,14
Calle Falsa 368,14
Calle Falsa 386,14
Calle Falsa 408,14
Calle Falsa 418,14
Calle Falsa 420,14
Calle Falsa 438,14
Calle Falsa 454,14
Calle Falsa 567,14
Calle Falsa 570,14
Calle Falsa 596,14
Calle Falsa 630,14
Calle Falsa 640,14
Calle Falsa 678,14
Calle Falsa 682,14
Calle Falsa 737,14
Calle Falsa 739,14
Calle Falsa 753,14
Calle Falsa 754,14
Calle Falsa 778,14
Calle Falsa 779,14
Calle Falsa 783,14
Calle Falsa 791,14
Calle Falsa 798,14
Calle Falsa 802,14
Calle Falsa 829,14
Calle Falsa 901,14
Calle Falsa 990,14
Calle Falsa 1006,14
Calle Falsa 1032,14
Calle Falsa 1044,14
Calle Falsa 1054,14
Calle Falsa 1088,14
Calle Falsa 1105,14
Calle Falsa 1164,14
Calle Falsa 1166,14
Calle Falsa 1188,14
Calle Falsa 1251,14
Calle Falsa 1316,14
Calle Falsa 1338,14
Calle Falsa 1350,14
Calle Falsa 1387,14
Calle Falsa 1404,14
Calle Falsa 1406,14
Calle Falsa 1428,14
Calle Falsa 1438,14
Calle Falsa 1457,14
Calle Falsa 1471,14
Calle Falsa 1508,14
Calle Falsa 1519,14
Calle Falsa 1537,14
Calle Falsa 1544,14
Calle Falsa 1596,14
Calle Falsa 1651,14
Calle Falsa 1653,14
Calle Falsa 1669,14
Calle Falsa 1685,14
Calle Falsa 1720,14
Calle Falsa 1760,14
Calle Falsa 1777,14
Calle Falsa 1794,14
Calle Falsa 1807,14
Calle Falsa 1828,14
Calle Falsa 1957,14
Calle Falsa 1991,14
Calle Falsa 1992,14
Calle Falsa 2012,14
Calle Falsa 2026,14
Calle Falsa 2037,14
Calle Falsa 2039,14
Calle Falsa 2041,14
Calle Falsa 2048,14
Calle Falsa 2054,14
Calle Falsa 2077,14
Calle Falsa 2103,14
Calle Falsa 2116,14
Calle Falsa 2117,14
Calle Falsa 2126,14
Calle Falsa 2185,14
Calle Falsa 2202,14
Calle Falsa 2203,14
Calle Falsa 2274,14
Calle Falsa 2280,14
Calle Falsa 2358,14
Calle Falsa 2377,14
Calle Falsa 2381,14
Calle Falsa 2391,14
Calle Falsa 2407,14
Calle Falsa 2408,14
Calle Falsa 2412,14
Calle Falsa 2428,14
Calle Falsa 2466,14
Calle Falsa 2470,14
Calle Falsa 4,15
Calle Falsa 29,15
Calle Falsa 59,15
Calle Falsa 86,15
Calle Falsa 151,15
Calle Falsa 156,15
Calle Falsa 206,15
Calle Falsa 213,15
Calle Falsa 240,15
Calle Falsa 277,15
Calle Falsa 288,15
Calle Falsa 346,15
Calle Falsa 352,15
Calle Falsa 358,15
Calle Falsa 367,15
Calle Falsa 381,15
Calle Falsa 397,15
Calle Falsa 435,15
Calle Falsa 455,15
Calle Falsa 458,15
Calle Falsa 499,15
Calle Falsa 505,15
Calle Falsa 579,15
Calle Falsa 662,15
Calle Falsa 674,15
Calle Falsa 679,15
Calle Falsa 694,15
Calle Falsa 718,15
Calle Falsa 729,15
Calle Falsa 757,15
Calle Falsa 810,15
Calle Falsa 818,15
Calle Falsa 839,15
Calle Falsa 958,15
Calle Falsa 978,15
Calle Falsa 986,15
Calle Falsa 987,15
Calle Falsa 1042,15
Calle Falsa 1056,15
Calle Falsa 1115,15
Calle Falsa 1139,15
Calle Falsa 1186,15
Calle Falsa 1264,15
Calle Falsa 1294,15
Calle Falsa 1355,15
Calle Falsa 1436,15
Calle Falsa 1481,15
Calle Falsa 1521,15
Calle Falsa 1522,15
Calle Falsa 1526,15
Calle Falsa 1574,15
Calle Falsa 1632,15
Calle Falsa 1660,15
Calle Falsa 1665,15
Calle Falsa 1674,15
Calle Falsa 1675,15
Calle Falsa 1717,15
Calle Falsa 1756,15
Calle Falsa 1783,15
Calle Falsa 1797,15
Calle Falsa 1853,15
Calle Falsa 1916,15
Calle Falsa 1973,15
Calle Falsa 1995,15
Calle Falsa 2018,15
Calle Falsa 2036,15
Calle Falsa 2049,15
Calle Falsa 2084,15
Calle Falsa 2094,15
Calle Falsa 2119,15
Calle Falsa 2193,15
Calle Falsa 2247,15
Calle Falsa 2270,15
Calle Falsa 2328,15
Calle Falsa 2336,15
Calle Falsa 2346,15
Calle Falsa 2367,15
Calle Falsa 2500,15
Calle Falsa 60,16
Calle Falsa 74,16
Calle Falsa 85,16
Calle Falsa 92,16
Calle Falsa 100,16
Calle Falsa 107,16
Calle Falsa 109,16
Calle Falsa 182,16
Calle Falsa 185,16
Calle Falsa 201,16
Calle Falsa 268,16
Calle Falsa 282,16
Calle Falsa 289,16
Calle Falsa 316,16
Calle Falsa 330,16
Calle Falsa 396,16
Calle Falsa 407,16
Calle Falsa 436,16
Calle Falsa 447,16
Calle Falsa 460,16
Calle Falsa 470,16
Calle Falsa 514,16
Calle Falsa 521,16
Calle Falsa 529,16
Calle Falsa 544,16
Calle Falsa 547,16
Calle Falsa 562,16
Calle Falsa 568,16
Calle Falsa 571,16
Calle Falsa 576,16
Calle Falsa 577,16
Calle Falsa 590,16
Calle Falsa 655,16
Calle Falsa 719,16
Calle Falsa 720,16
Calle Falsa 723,16
Calle Falsa 724,16
Calle Falsa 736,16
Calle Falsa 756,16
Calle Falsa 766,16
Calle Falsa 772,16
Calle Falsa 776,16
Calle Falsa 813,16
Calle Falsa 869,16
Calle Falsa 906,16
Calle Falsa 908,16
Calle Falsa 925,16
Calle Falsa 962,16
Calle Falsa 1010,16
Calle Falsa 1036,16
Calle Falsa 1043,16
Calle Falsa 1075,16
Calle Falsa 1086,16
Calle Falsa 1135,16
Calle Falsa 1152,16
Calle Falsa 1194,16
Calle Falsa 1240,16
Calle Falsa 1253,16
Calle Falsa 1259,16
Calle Falsa 1293,16
Calle Falsa 1333,16
Calle Falsa 1337,16
Calle Falsa 1346,16
Calle Falsa 1415,16
Calle Falsa 1434,16
Calle Falsa 1497,16
Calle Falsa 1511,16
Calle Falsa 1546,16
Calle Falsa 1629,16
Calle Falsa 1636,16
Calle Falsa 1646,16
Calle Falsa 1682,16
Calle Falsa 1700,16
Calle Falsa 1719,16
Calle Falsa 1738,16
Calle Falsa 1787,16
Calle Falsa 1825,16
Calle Falsa 1856,16
Calle Falsa 1857,16
Calle Falsa 1864,16
Calle Falsa 1873,16
Calle Falsa 1885,16
Calle Falsa 1907,16
Calle Falsa 1921,16
Calle Falsa 1931,16
Calle Falsa 1952,16
Calle Falsa 1958,16
Calle Falsa 1963,16
Calle Falsa 2006,16
Calle Falsa 2068,16
Calle Falsa 2080,16
Calle Falsa 2090,16
Calle Falsa 2123,16
Calle Falsa 2165,16
Calle Falsa 2179,16
Calle Falsa 2207,16
Calle Falsa 2221,16
Calle Falsa 2231,16
Calle Falsa 2251,16
Calle Falsa 2272,16
Calle Falsa 2309,16
Calle Falsa 2318,16
Calle Falsa 2326,16
Calle Falsa 2351,16
Calle Falsa 2370,16
Calle Falsa 2376,16
Calle Falsa 2394,16
Calle Falsa 2479,16
Calle Falsa 2493,16
Calle Falsa 2495,16
Calle Falsa 19,17
Calle Falsa 22,17
Calle Falsa 23,17
Calle Falsa 49,17
Calle Falsa 80,17
Calle Falsa 106,17
Calle Falsa 165,17
Calle Falsa 212,17
Calle Falsa 220,17
Calle Falsa 228,17
Calle Falsa 237,17
Calle Falsa 238,17
Calle Falsa 306,17
Calle Falsa 321,17
Calle Falsa 341,17
Calle Falsa 366,17
Calle Falsa 376,17
Calle Falsa 402,17
Calle Falsa 417,17
Calle Falsa 481,17
Calle Falsa 501,17
Calle Falsa 537,17
Calle Falsa 588,17
Calle Falsa 589,17
Calle Falsa 607,17
Calle Falsa 620,17
Calle Falsa 639,17
Calle Falsa 671,17
Calle Falsa 681,17
Calle Falsa 692,17
Calle Falsa 707,17
Calle Falsa 710,17
Calle Falsa 744,17
Calle Falsa 755,17
Calle Falsa 801,17
Calle Falsa 814,17
Calle Falsa 827,17
Calle Falsa 847,17
Calle Falsa 855,17
Calle Falsa 868,17
Calle Falsa 879,17
Calle Falsa 886,17
Calle Falsa 924,17
Calle Falsa 957,17
Calle Falsa 966,17
Calle Falsa 997,17
Calle Falsa 1003,17
Calle Falsa 1031,17
Calle Falsa 1055,17
Calle Falsa 1062,17
Calle Falsa 1066,17
Calle Falsa 1072,17
Calle Falsa 1103,17
Calle Falsa 1167,17
Calle Falsa 1172,17
Calle Falsa 1223,17
Calle Falsa 1241,17
Calle Falsa 1254,17
Calle Falsa 1266,17
Calle Falsa 1271,17
Calle Falsa 1343,17
Calle Falsa 1356,17
Calle Falsa 1364,17
Calle Falsa 1394,17
Calle Falsa 1401,17
Calle Falsa 1487,17
Calle Falsa 1491,17
Calle Falsa 1493,17
Calle Falsa 1496,17
Calle Falsa 1503,17
Calle Falsa 1547,17
Calle Falsa 1555,17
Calle Falsa 1604,17
Calle Falsa 1644,17
Calle Falsa 1708,17
Calle Falsa 1725,17
Calle Falsa 1784,17
Calle Falsa 1808,17
Calle Falsa 1841,17
Calle Falsa 1863,17
Calle Falsa 1878,17
Calle Falsa 1883,17
Calle Falsa 1893,17
Calle Falsa 1911,17
Calle Falsa 1941,17
Calle Falsa 2003,17
Calle Falsa 2133,17
Calle Falsa 2144,17
Calle Falsa 2243,17
Calle Falsa 2263,17
Calle Falsa 2302,17
Calle Falsa 2333,17
Calle Falsa 2393,17
Calle Falsa 2411,17
Calle Falsa 2453,17